[
    {
        "_id": "6623ce839cd513c88176cd4b",
        "job-title": "Customer Support Representative",
        "company-name": "SupportPro Corp.",
        "job-description": "Join our customer support team and provide exceptional service to our clients..."
    },
    {
        "_id": "6623ce839cd513c88176cd4c",
        "job-title": "Marketing Specialist",
        "company-name": "MarketingPros Ltd.",
        "job-description": "Join our marketing team and help us promote our products to a wider audience..."
    },
    {
        "_id": "6623ce839cd513c88176cd4d",
        "job-title": "Sales Manager",
        "company-name": "SalesPro Inc.",
        "job-description": "We are seeking a dynamic sales manager to lead our sales team to success..."
    },
    {
        "_id": "6623ce839cd513c88176cd4e",
        "job-title": "Software Engineer",
        "company-name": "Tech Innovations LLC",
        "job-description": "Join our engineering team and contribute to cutting-edge software projects..."
    },
    {
        "_id": "6623ce839cd513c88176cd4f",
        "job-title": "Graphic Designer",
        "company-name": "DesignWorks Studio",
        "job-description": "We are looking for a talented graphic designer to create stunning visual content..."
    },
    {
        "_id": "6623ce839cd513c88176cd50",
        "job-title": "Product Manager",
        "company-name": "Productivity Solutions Ltd.",
        "job-description": "We are seeking an experienced product manager to oversee product development..."
    },
    {
        "_id": "6623ce839cd513c88176cd51",
        "job-title": "Financial Analyst",
        "company-name": "FinanceExperts Inc.",
        "job-description": "Join our finance team and analyze financial data to drive business decisions..."
    },
    {
        "_id": "6623ce839cd513c88176cd52",
        "job-title": "Content Writer",
        "company-name": "ContentCreators Agency",
        "job-description": "We are looking for a creative content writer to produce engaging written content..."
    },
    {
        "_id": "6623ce839cd513c88176cd53",
        "job-title": "Human Resources Manager",
        "company-name": "HR Solutions Group",
        "job-description": "We are seeking an HR manager to oversee recruitment, training, and employee relations..."
    },
    {
        "_id": "6623ce839cd513c88176cd54",
        "job-title": "Web Developer",
        "company-name": "WebWorks Inc.",
        "job-description": "Join our web development team and create innovative and user-friendly websites..."
    }
]